d,p,
"2010-06-01,二",973.23,
"2010-06-02,三",997.12,
"2010-06-03,四",998.39,
"2010-06-04,五",1027.68,
"2010-06-07,一",1069.47,
"2010-06-08,二",1067.15,
"2010-06-09,三",1077.82,
"2010-06-10,四",1117.48,
"2010-06-11,五",1122.2,
"2010-06-17,四",1064.84,
"2010-06-18,五",1000.28,
"2010-06-21,一",1040.8,
"2010-06-22,二",1035,
"2010-06-23,三",1047.34,
"2010-06-24,四",1050.6,
"2010-06-25,五",1016.28,
"2010-06-28,一",987.83,
"2010-06-29,二",913.31,
"2010-06-30,三",919.31,
"2010-07-01,四",882.19,
"2010-07-02,五",873.12,
"2010-07-05,一",862.27,
"2010-07-06,二",893.72,
"2010-07-07,三",908.55,
"2010-07-08,四",905.51,
"2010-07-09,五",932.15,
"2010-07-12,一",930.17,
"2010-07-13,二",931.08,
"2010-07-14,三",922.36,
"2010-07-15,四",892.56,
"2010-07-16,五",892.3,
"2010-07-19,一",908.05,
"2010-07-20,二",937.02,
"2010-07-21,三",941.25,
"2010-07-22,四",950.21,
"2010-07-23,五",960.59,
"2010-07-26,一",966.15,
"2010-07-27,二",957.97,
"2010-07-28,三",972.53,
"2010-07-29,四",975.36,
"2010-07-30,五",968.43,
"2010-08-02,一",994.23,
"2010-08-03,二",975.65,
"2010-08-04,三",978.01,
"2010-08-05,四",987.35,
"2010-08-06,五",1011.39,
"2010-08-09,一",1032.34,
"2010-08-10,二",993.99,
"2010-08-11,三",1004.64,
"2010-08-12,四",991.78,
"2010-08-13,五",1007.21,
"2010-08-16,一",1030.22,
"2010-08-17,二",1033.58,
"2010-08-18,三",1026.72,
"2010-08-19,四",1025.53,
"2010-08-20,五",995.94,
"2010-08-23,一",995.61,
"2010-08-24,二",1004.99,
"2010-08-25,三",976.88,
"2010-08-26,四",980.63,
"2010-08-27,五",999.46,
"2010-08-30,一",1024.93,
"2010-08-31,二",1025.57,
"2010-09-01,三",995.59,
"2010-09-02,四",1014.92,
"2010-09-03,五",1036.7,
"2010-09-06,一",1010.76,
"2010-09-07,二",1022.62,
"2010-09-08,三",1026.33,
"2010-09-09,四",1021.83,
"2010-09-10,五",1034.94,
"2010-09-13,一",1042.48,
"2010-09-14,二",1031.22,
"2010-09-15,三",990.1,
"2010-09-16,四",972.6,
"2010-09-17,五",972.23,
"2010-09-20,一",949.2,
"2010-09-21,二",934.46,
"2010-09-27,一",950.67,
"2010-09-28,二",942.05,
"2010-09-29,三",926.76,
"2010-09-30,四",942.54,
"2010-10-08,五",959.86,
"2010-10-11,一",947.11,
"2010-10-12,二",951.79,
"2010-10-13,三",962.74,
"2010-10-14,四",958.5,
"2010-10-15,五",944.25,
"2010-10-18,一",932.36,
"2010-10-19,二",995.92,
"2010-10-20,三",1004.54,
"2010-10-21,四",991.84,
"2010-10-22,五",1013.45,
"2010-10-25,一",1039.05,
"2010-10-26,二",1036.01,
"2010-10-27,三",1030.59,
"2010-10-28,四",1038.62,
"2010-10-29,五",1064.52,
"2010-11-01,一",1107.52,
"2010-11-02,二",1075.15,
"2010-11-03,三",1040.62,
"2010-11-04,四",1057.71,
"2010-11-05,五",1072.22,
"2010-11-08,一",1107.06,
"2010-11-09,二",1115.65,
"2010-11-10,三",1141.58,
"2010-11-11,四",1132.72,
"2010-11-12,五",1082.24,
"2010-11-15,一",1148.54,
"2010-11-16,二",1126.18,
"2010-11-17,三",1085.35,
"2010-11-18,四",1102.85,
"2010-11-19,五",1153.17,
"2010-11-22,一",1174.94,
"2010-11-23,二",1183.5,
"2010-11-24,三",1208.45,
"2010-11-25,四",1186.36,
"2010-11-26,五",1196.02,
"2010-11-29,一",1220.11,
"2010-11-30,二",1181.5,
"2010-12-01,三",1177.18,
"2010-12-02,四",1177.84,
"2010-12-03,五",1157.94,
"2010-12-06,一",1134.38,
"2010-12-07,二",1161.69,
"2010-12-08,三",1160.24,
"2010-12-09,四",1144.53,
"2010-12-10,五",1166.8,
"2010-12-13,一",1209.27,
"2010-12-14,二",1218.52,
"2010-12-15,三",1211.8,
"2010-12-16,四",1225.03,
"2010-12-17,五",1232.98,
"2010-12-20,一",1212.34,
"2010-12-21,二",1215.02,
"2010-12-22,三",1201.65,
"2010-12-23,四",1176.36,
"2010-12-24,五",1144.5,
"2010-12-27,一",1105.3,
"2010-12-28,二",1091.48,
"2010-12-29,三",1113.31,
"2010-12-30,四",1117.21,
"2010-12-31,五",1137.66,
"2011-01-04,二",1155.11,
"2011-01-05,三",1155.35,
"2011-01-06,四",1134.79,
"2011-01-07,五",1126.52,
"2011-01-10,一",1093.77,
"2011-01-11,二",1078.37,
"2011-01-12,三",1089.67,
"2011-01-13,四",1093.86,
"2011-01-14,五",1067.42,
"2011-01-17,一",1028.16,
"2011-01-18,二",1025.72,
"2011-01-19,三",1048.54,
"2011-01-20,四",1020.39,
"2011-01-21,五",1024.51,
"2011-01-24,一",994.97,
"2011-01-25,二",979,
"2011-01-26,三",995.74,
"2011-01-27,四",1013.02,
"2011-01-28,五",1020.94,
"2011-01-31,一",1029.12,
"2011-02-01,二",1032.6,
"2011-02-09,三",1025.15,
"2011-02-10,四",1063.95,
"2011-02-11,五",1071.58,
"2011-02-14,一",1086.56,
"2011-02-15,二",1087.73,
"2011-02-16,三",1107.24,
"2011-02-17,四",1115.33,
"2011-02-18,五",1100.46,
"2011-02-21,一",1117.67,
"2011-02-22,二",1088.27,
"2011-02-23,三",1114.05,
"2011-02-24,四",1101.95,
"2011-02-25,五",1095.1,
"2011-02-28,一",1099.78,
"2011-03-01,二",1098,
"2011-03-02,三",1088.9,
"2011-03-03,四",1064.31,
"2011-03-04,五",1071.86,
"2011-03-07,一",1078.11,
"2011-03-08,二",1084.82,
"2011-03-09,三",1087.3,
"2011-03-10,四",1093.9,
"2011-03-11,五",1101.76,
"2011-03-14,一",1107.54,
"2011-03-15,二",1094.95,
"2011-03-16,三",1102.22,
"2011-03-17,四",1078.37,
"2011-03-18,五",1083.6,
"2011-03-21,一",1070.6,
"2011-03-22,二",1067.29,
"2011-03-23,三",1076.56,
"2011-03-24,四",1077.99,
"2011-03-25,五",1072.34,
"2011-03-28,一",1052.11,
"2011-03-29,二",1019.04,
"2011-03-30,三",1006.37,
"2011-03-31,四",1008.3,
"2011-04-01,五",1015.08,
"2011-04-06,三",994.26,
"2011-04-07,四",1004.41,
"2011-04-08,五",1019.14,
"2011-04-11,一",1002.8,
"2011-04-12,二",1000.17,
"2011-04-13,三",1020.75,
"2011-04-14,四",1016.62,
"2011-04-15,五",1010.06,
"2011-04-18,一",1003.26,
"2011-04-19,二",994.3,
"2011-04-20,三",1008.18,
"2011-04-21,四",1010.56,
"2011-04-22,五",1004.65,
"2011-04-25,一",975.18,
"2011-04-26,二",958.29,
"2011-04-27,三",942.54,
"2011-04-28,四",904.15,
"2011-04-29,五",912.72,
"2011-05-03,二",922.07,
"2011-05-04,三",903.99,
"2011-05-05,四",914.59,
"2011-05-06,五",918.28,
"2011-05-09,一",931.77,
"2011-05-10,二",931.21,
"2011-05-11,三",929.95,
"2011-05-12,四",909.26,
"2011-05-13,五",909.77,
"2011-05-16,一",906.34,
"2011-05-17,二",895.15,
"2011-05-18,三",890.79,
"2011-05-19,四",884.89,
"2011-05-20,五",875.43,
"2011-05-23,一",840.9,
"2011-05-24,二",870.94,
"2011-05-25,三",842.35,
"2011-05-26,四",830.92,
"2011-05-27,五",822.94,
"2011-05-30,一",834.32,
"2011-05-31,二",846.32,
"2011-06-01,三",851.17,
"2011-06-02,四",833.74,
"2011-06-03,五",847.55,
"2011-06-07,二",847.71,
"2011-06-08,三",844.98,
"2011-06-09,四",828.02,
"2011-06-10,五",824.03,
"2011-06-13,一",829.36,
"2011-06-14,二",838.47,
"2011-06-15,三",827.53,
"2011-06-16,四",810.71,
"2011-06-17,五",802.64,
"2011-06-20,一",791.76,
"2011-06-21,二",795.61,
"2011-06-22,三",791.51,
"2011-06-23,四",814.44,
"2011-06-24,五",832.32,
"2011-06-27,一",843.86,
"2011-06-28,二",844.18,
"2011-06-29,三",836.38,
"2011-06-30,四",845.92,
"2011-07-01,五",855.27,
"2011-07-04,一",876.17,
"2011-07-05,二",883.42,
"2011-07-06,三",894.28,
"2011-07-07,四",899.8,
"2011-07-08,五",894.91,
"2011-07-11,一",903.31,
"2011-07-12,二",891.52,
"2011-07-13,三",913.09,
"2011-07-14,四",932.78,
"2011-07-15,五",951.14,
"2011-07-18,一",946.12,
"2011-07-19,二",927.3,
"2011-07-20,三",930.83,
"2011-07-21,四",915.37,
"2011-07-22,五",924,
"2011-07-25,一",887.06,
"2011-07-26,二",892.54,
"2011-07-27,三",915.55,
"2011-07-28,四",919.4,
"2011-07-29,五",913.28,
"2011-08-01,一",927.38,
"2011-08-02,二",932.12,
"2011-08-03,三",945.51,
"2011-08-04,四",937.48,
"2011-08-05,五",919.19,
"2011-08-08,一",877.44,
"2011-08-09,二",878.76,
"2011-08-10,三",891.75,
"2011-08-11,四",915.49,
"2011-08-12,五",926.3,
"2011-08-15,一",942.49,
"2011-08-16,二",933.14,
"2011-08-17,三",936.16,
"2011-08-18,四",915.68,
"2011-08-19,五",912.42,
"2011-08-22,一",910.61,
"2011-08-23,二",936.42,
"2011-08-24,三",940.2,
"2011-08-25,四",942.94,
"2011-08-26,五",952.81,
"2011-08-29,一",954.03,
"2011-08-30,二",934.19,
"2011-08-31,三",921.5,
"2011-09-01,四",917.75,
"2011-09-02,五",909.85,
"2011-09-05,一",883.87,
"2011-09-06,二",874.74,
"2011-09-07,三",899.61,
"2011-09-08,四",891.93,
"2011-09-09,五",881.58,
"2011-09-13,二",861.92,
"2011-09-14,三",876.95,
"2011-09-15,四",875.86,
"2011-09-16,五",874.88,
"2011-09-19,一",854.71,
"2011-09-20,二",856.81,
"2011-09-21,三",881.03,
"2011-09-22,四",852.92,
"2011-09-23,五",843.48,
"2011-09-26,一",829.35,
"2011-09-27,二",830.88,
"2011-09-28,三",817.52,
"2011-09-29,四",791.89,
"2011-09-30,五",791.13,
"2011-10-10,一",790.04,
"2011-10-11,二",786.15,
"2011-10-12,三",816.14,
"2011-10-13,四",833.02,
"2011-10-14,五",830.2,
"2011-10-17,一",832.29,
"2011-10-18,二",806.6,
"2011-10-19,三",804.44,
"2011-10-20,四",778.95,
"2011-10-21,五",763.3,
"2011-10-24,一",772.41,
"2011-10-25,二",797.86,
"2011-10-26,三",811.13,
"2011-10-27,四",810.92,
"2011-10-28,五",833.42,
"2011-10-31,一",852.8,
"2011-11-01,二",853.36,
"2011-11-02,三",881.05,
"2011-11-03,四",877.66,
"2011-11-04,五",882.25,
"2011-11-07,一",878.76,
"2011-11-08,二",862.36,
"2011-11-09,三",891.12,
"2011-11-10,四",895.27,
"2011-11-11,五",891.19,
"2011-11-14,一",915.98,
"2011-11-15,二",920.97,
"2011-11-16,三",893.51,
"2011-11-17,四",898.34,
"2011-11-18,五",869.19,
"2011-11-21,一",863.13,
"2011-11-22,二",868.43,
"2011-11-23,三",864.81,
"2011-11-24,四",868.14,
"2011-11-25,五",863.5,
"2011-11-28,一",866.84,
"2011-11-29,二",880.31,
"2011-11-30,三",838.11,
"2011-12-01,四",852.87,
"2011-12-02,五",829.18,
"2011-12-05,一",792.5,
"2011-12-06,二",798.1,
"2011-12-07,三",802.63,
"2011-12-08,四",809.43,
"2011-12-09,五",798.84,
"2011-12-12,一",790.79,
"2011-12-13,二",768.92,
"2011-12-14,三",755.76,
"2011-12-15,四",746.56,
"2011-12-16,五",778.78,
"2011-12-19,一",793.44,
"2011-12-20,二",781.42,
"2011-12-21,三",761.34,
"2011-12-22,四",757.9,
"2011-12-23,五",761.44,
"2011-12-26,一",753.05,
"2011-12-27,二",727.17,
"2011-12-28,三",717.55,
"2011-12-29,四",716.55,
"2011-12-30,五",729.5,
"2012-01-04,三",707.11,
"2012-01-05,四",666.91,
"2012-01-06,五",669.02,
"2012-01-09,一",692.42,
"2012-01-10,二",716.45,
"2012-01-11,三",717.94,
"2012-01-12,四",709.89,
"2012-01-13,五",666.08,
"2012-01-16,一",633.91,
"2012-01-17,二",662.69,
"2012-01-18,三",624.91,
"2012-01-19,四",632.8,
"2012-01-20,五",646.38,
"2012-01-30,一",651.25,
"2012-01-31,二",648.68,
"2012-02-01,三",650.78,
"2012-02-02,四",665.4,
"2012-02-03,五",680.05,
"2012-02-06,一",686.51,
"2012-02-07,二",673.68,
"2012-02-08,三",692.3,
"2012-02-09,四",697.79,
"2012-02-10,五",698.85,
"2012-02-13,一",714.96,
"2012-02-14,二",712.3,
"2012-02-15,三",724.75,
"2012-02-16,四",721.83,
"2012-02-17,五",717.8,
"2012-02-20,一",721.1,
"2012-02-21,二",736.88,
"2012-02-22,三",759.56,
"2012-02-23,四",756.9,
"2012-02-24,五",762.29,
"2012-02-27,一",760.37,
"2012-02-28,二",747.77,
"2012-02-29,三",735.34,
"2012-03-01,四",743.15,
"2012-03-02,五",757.67,
"2012-03-05,一",759.37,
"2012-03-06,二",750.84,
"2012-03-07,三",749.27,
"2012-03-08,四",761.7,
"2012-03-09,五",777.69,
"2012-03-12,一",786.05,
"2012-03-13,二",792.38,
"2012-03-14,三",756.46,
"2012-03-15,四",746.44,
"2012-03-16,五",765.56,
"2012-03-19,一",779.56,
"2012-03-20,二",755.58,
"2012-03-21,三",751.79,
"2012-03-22,四",750.85,
"2012-03-23,五",737.89,
"2012-03-26,一",737.21,
"2012-03-27,二",735.73,
"2012-03-28,三",698.49,
"2012-03-29,四",683.96,
"2012-03-30,五",678.52,
"2012-04-05,四",697.75,
"2012-04-06,五",701.9,
"2012-04-09,一",689.72,
"2012-04-10,二",697.17,
"2012-04-11,三",698.49,
"2012-04-12,四",713.12,
"2012-04-13,五",718.96,
"2012-04-16,一",716.23,
"2012-04-17,二",709.14,
"2012-04-18,三",723.46,
"2012-04-19,四",725.12,
"2012-04-20,五",728.72,
"2012-04-23,一",690.43,
"2012-04-24,二",681.53,
"2012-04-25,三",682.52,
"2012-04-26,四",678.44,
"2012-04-27,五",685.13,
"2012-05-02,三",693.61,
"2012-05-03,四",699.31,
"2012-05-04,五",713.19,
"2012-05-07,一",733.05,
"2012-05-08,二",731.72,
"2012-05-09,三",719.35,
"2012-05-10,四",727.29,
"2012-05-11,五",721.08,
"2012-05-14,一",719.87,
"2012-05-15,二",720.12,
"2012-05-16,三",709.96,
"2012-05-17,四",716.17,
"2012-05-18,五",706.22,
"2012-05-21,一",704.8,
"2012-05-22,二",714.66,
"2012-05-23,三",713.02,
"2012-05-24,四",712.58,
"2012-05-25,五",702.72,
"2012-05-28,一",706.47,
"2012-05-29,二",720.45,
"2012-05-30,三",727.19,
"2012-05-31,四",734.45,
"2012-06-01,五",734.26,
"2012-06-04,一",717.1,
"2012-06-05,二",715.93,
"2012-06-06,三",715.24,
"2012-06-07,四",711.43,
"2012-06-08,五",713.92,
"2012-06-11,一",734.5,
"2012-06-12,二",735.29,
"2012-06-13,三",746.51,
"2012-06-14,四",740.97,
"2012-06-15,五",742.27,
"2012-06-18,一",752.98,
"2012-06-19,二",747.49,
"2012-06-20,三",748.39,
"2012-06-21,四",739.05,
"2012-06-25,一",720.6,
"2012-06-26,二",715.92,
"2012-06-27,三",718.93,
"2012-06-28,四",711.14,
"2012-06-29,五",726.68,
"2012-07-02,一",741.19,
"2012-07-03,二",743.9,
"2012-07-04,三",739.62,
"2012-07-05,四",724.31,
"2012-07-06,五",737.29,
"2012-07-09,一",722.28,
"2012-07-10,二",713.53,
"2012-07-11,三",719.3,
"2012-07-12,四",734.32,
"2012-07-13,五",725.79,
"2012-07-16,一",691.39,
"2012-07-17,二",697,
"2012-07-18,三",702.14,
"2012-07-19,四",709.17,
"2012-07-20,五",706.25,
"2012-07-23,一",704.57,
"2012-07-24,二",706.4,
"2012-07-25,三",708.3,
"2012-07-26,四",706.73,
"2012-07-27,五",703.58,
"2012-07-30,一",688.47,
"2012-07-31,二",676.96,
"2012-08-01,三",689.49,
"2012-08-02,四",690.98,
"2012-08-03,五",711.93,
"2012-08-06,一",730.42,
"2012-08-07,二",736.01,
"2012-08-08,三",730.07,
"2012-08-09,四",743.2,
"2012-08-10,五",743.07,
"2012-08-13,一",727.64,
"2012-08-14,二",736.35,
"2012-08-15,三",729.73,
"2012-08-16,四",723.53,
"2012-08-17,五",721.05,
"2012-08-20,一",730.87,
"2012-08-21,二",748.94,
"2012-08-22,三",746.85,
"2012-08-23,四",750.56,
"2012-08-24,五",733.31,
"2012-08-27,一",722.57,
"2012-08-28,二",727.62,
"2012-08-29,三",726.94,
"2012-08-30,四",704.04,
"2012-08-31,五",706.63,
"2012-09-03,一",723.87,
"2012-09-04,二",722.72,
"2012-09-05,三",730.62,
"2012-09-06,四",739.74,
"2012-09-07,五",759.46,
"2012-09-10,一",762.31,
"2012-09-11,二",761.73,
"2012-09-12,三",762.51,
"2012-09-13,四",749.89,
"2012-09-14,五",744.46,
"2012-09-17,一",724.15,
"2012-09-18,二",723.61,
"2012-09-19,三",728.25,
"2012-09-20,四",706.69,
"2012-09-21,五",691.14,
"2012-09-24,一",690.34,
"2012-09-25,二",682.34,
"2012-09-26,三",661.49,
"2012-09-27,四",676.96,
"2012-09-28,五",689.64,
"2012-10-08,一",690.77,
"2012-10-09,二",712.7,
"2012-10-10,三",721.85,
"2012-10-11,四",711.8,
"2012-10-12,五",708.87,
"2012-10-15,一",701.96,
"2012-10-16,二",705.39,
"2012-10-17,三",709.09,
"2012-10-18,四",720.52,
"2012-10-19,五",719.45,
"2012-10-22,一",724.28,
"2012-10-23,二",711.26,
"2012-10-24,三",707.75,
"2012-10-25,四",697.44,
"2012-10-26,五",685.33,
"2012-10-29,一",688.12,
"2012-10-30,二",689.61,
"2012-10-31,三",691.65,
"2012-11-01,四",701.78,
"2012-11-02,五",701.38,
"2012-11-05,一",692.87,
"2012-11-06,二",690.5,
"2012-11-07,三",689.75,
"2012-11-08,四",675.85,
"2012-11-09,五",672.67,
"2012-11-12,一",676.6,
"2012-11-13,二",667.33,
"2012-11-14,三",665.19,
"2012-11-15,四",659.21,
"2012-11-16,五",656.2,
"2012-11-19,一",656.94,
"2012-11-20,二",656.61,
"2012-11-21,三",660.03,
"2012-11-22,四",651.83,
"2012-11-23,五",651.43,
"2012-11-26,一",638.88,
"2012-11-27,二",616.28,
"2012-11-28,三",607.67,
"2012-11-29,四",603.17,
"2012-11-30,五",606.77,
"2012-12-03,一",593.66,
"2012-12-04,二",600.8,
"2012-12-05,三",624.82,
"2012-12-06,四",624.32,
"2012-12-07,五",637.49,
"2012-12-10,一",646.32,
"2012-12-11,二",641.17,
"2012-12-12,三",639.51,
"2012-12-13,四",632.18,
"2012-12-14,五",656.22,
"2012-12-17,一",649.61,
"2012-12-18,二",646.05,
"2012-12-19,三",652.1,
"2012-12-20,四",658.31,
"2012-12-21,五",668.09,
"2012-12-24,一",679.76,
"2012-12-25,二",694.12,
"2012-12-26,三",709.08,
"2012-12-27,四",699.57,
"2012-12-28,五",707.67,
"2012-12-31,一",713.86,
"2013-01-04,五",705.34,
"2013-01-07,一",718.11,
"2013-01-08,二",733.14,
"2013-01-09,三",734.51,
"2013-01-10,四",741.18,
"2013-01-11,五",731.59,
"2013-01-14,一",760.55,
"2013-01-15,二",778.6,
"2013-01-16,三",774.49,
"2013-01-17,四",768.31,
"2013-01-18,五",787.39,
"2013-01-21,一",792.6,
"2013-01-22,二",775.14,
"2013-01-23,三",778.48,
"2013-01-24,四",757.87,
"2013-01-25,五",762.85,
"2013-01-28,一",784.76,
"2013-01-29,二",791.67,
"2013-01-30,三",783.68,
"2013-01-31,四",776.01,
"2013-02-01,五",782.36,
"2013-02-04,一",771.9,
"2013-02-05,二",780.98,
"2013-02-06,三",791.26,
"2013-02-07,四",805.59,
"2013-02-08,五",823.03,
"2013-02-18,一",835.28,
"2013-02-19,二",819.71,
"2013-02-20,三",850.86,
"2013-02-21,四",839.3,
"2013-02-22,五",838.76,
"2013-02-25,一",855.69,
"2013-02-26,二",851.22,
"2013-02-27,三",846.09,
"2013-02-28,四",861.1,
"2013-03-01,五",884.89,
"2013-03-04,一",863.5,
"2013-03-05,二",888.1,
"2013-03-06,三",902.9,
"2013-03-07,四",877.34,
"2013-03-08,五",864.7,
"2013-03-11,一",869.15,
"2013-03-12,二",839.84,
"2013-03-13,三",834.05,
"2013-03-14,四",842.04,
"2013-03-15,五",853.91,
"2013-03-18,一",852.12,
"2013-03-19,二",842.69,
"2013-03-20,三",866.27,
"2013-03-21,四",882.73,
"2013-03-22,五",882,
"2013-03-25,一",881.76,
"2013-03-26,二",876.36,
"2013-03-27,三",882.75,
"2013-03-28,四",867.51,
"2013-03-29,五",866.46,
"2013-04-01,一",877,
"2013-04-02,二",845.16,
"2013-04-03,三",835.14,
"2013-04-08,一",853.48,
"2013-04-09,二",861.99,
"2013-04-10,三",850.53,
"2013-04-11,四",847.78,
"2013-04-12,五",846.61,
"2013-04-15,一",836.34,
"2013-04-16,二",846.05,
"2013-04-17,三",867.51,
"2013-04-18,四",873.48,
"2013-04-19,五",892.21,
"2013-04-22,一",916.02,
"2013-04-23,二",893.79,
"2013-04-24,三",923.41,
"2013-04-25,四",903.63,
"2013-04-26,五",889.38,
"2013-05-02,四",913.65,
"2013-05-03,五",939.21,
"2013-05-06,一",958.02,
"2013-05-07,二",957.44,
"2013-05-08,三",980.08,
"2013-05-09,四",992.16,
"2013-05-10,五",988.3,
"2013-05-13,一",995.11,
"2013-05-14,二",976.33,
"2013-05-15,三",1012.66,
"2013-05-16,四",1009.53,
"2013-05-17,五",1023.4,
"2013-05-20,一",1051.65,
"2013-05-21,二",1073.58,
"2013-05-22,三",1039.81,
"2013-05-23,四",1042.9,
"2013-05-24,五",1073.78,
"2013-05-27,一",1089.72,
"2013-05-28,二",1059,
"2013-05-29,三",1065.96,
"2013-05-30,四",1073.87,
"2013-05-31,五",1073.02,
"2013-06-03,一",1052.14,
"2013-06-04,二",1022.46,
"2013-06-05,三",1032.76,
"2013-06-06,四",1022.13,
"2013-06-07,五",1030.14,
"2013-06-13,四",1029.28,
"2013-06-14,五",1068.15,
"2013-06-17,一",1073.69,
"2013-06-18,二",1072.93,
"2013-06-19,三",1067.63,
"2013-06-20,四",1029.53,
"2013-06-21,五",1025.5,
"2013-06-24,一",971.45,
"2013-06-25,二",984.75,
"2013-06-26,三",1038.98,
"2013-06-27,四",1022.5,
"2013-06-28,五",1011.66,
"2013-07-01,一",1055.84,
"2013-07-02,二",1083.25,
"2013-07-03,三",1104.58,
"2013-07-04,四",1087.9,
"2013-07-05,五",1057.27,
"2013-07-08,一",1030.6,
"2013-07-09,二",1050.72,
"2013-07-10,三",1068.86,
"2013-07-11,四",1080.78,
"2013-07-12,五",1096.3,
"2013-07-15,一",1139.57,
"2013-07-16,二",1143.2,
"2013-07-17,三",1129.48,
"2013-07-18,四",1127.97,
"2013-07-19,五",1116.01,
"2013-07-22,一",1153.77,
"2013-07-23,二",1178.59,
"2013-07-24,三",1203.31,
"2013-07-25,四",1150.39,
"2013-07-26,五",1158.35,
"2013-07-29,一",1136.98,
"2013-07-30,二",1124.1,
"2013-07-31,三",1134.02,
"2013-08-01,四",1190.11,
"2013-08-02,五",1188.85,
"2013-08-05,一",1202.83,
"2013-08-06,二",1211.78,
"2013-08-07,三",1175.7,
"2013-08-08,四",1185.96,
"2013-08-09,五",1172.52,
"2013-08-12,一",1161.87,
"2013-08-13,二",1172.33,
"2013-08-14,三",1180.66,
"2013-08-15,四",1167.09,
"2013-08-16,五",1132.09,
"2013-08-19,一",1171.4,
"2013-08-20,二",1175.78,
"2013-08-21,三",1181.34,
"2013-08-22,四",1197.13,
"2013-08-23,五",1219.83,
"2013-08-26,一",1238.17,
"2013-08-27,二",1250.75,
"2013-08-28,三",1228,
"2013-08-29,四",1226.3,
"2013-08-30,五",1185.15,
"2013-09-02,一",1210.19,
"2013-09-03,二",1234.59,
"2013-09-04,三",1236.35,
"2013-09-05,四",1267.26,
"2013-09-06,五",1282.75,
"2013-09-09,一",1275.91,
"2013-09-10,二",1263.59,
"2013-09-11,三",1220.71,
"2013-09-12,四",1220.63,
"2013-09-13,五",1253.45,
"2013-09-16,一",1278.8,
"2013-09-17,二",1269.36,
"2013-09-18,三",1289.64,
"2013-09-23,一",1326.09,
"2013-09-24,二",1328.4,
"2013-09-25,三",1323.04,
"2013-09-26,四",1306.34,
"2013-09-27,五",1323.76,
"2013-09-30,一",1367.91,
"2013-10-08,二",1387.66,
"2013-10-09,三",1415.83,
"2013-10-10,四",1378.15,
"2013-10-11,五",1379.9,
"2013-10-14,一",1393.6,
"2013-10-15,二",1389.75,
"2013-10-16,三",1335.1,
"2013-10-17,四",1322.99,
"2013-10-18,五",1349.94,
"2013-10-21,一",1400.97,
"2013-10-22,二",1350.47,
"2013-10-23,三",1311.23,
"2013-10-24,四",1295.93,
"2013-10-25,五",1269.17,
"2013-10-28,一",1279.05,
"2013-10-29,二",1261.68,
"2013-10-30,三",1273.29,
"2013-10-31,四",1235.56,
"2013-11-01,五",1221.96,
"2013-11-04,一",1222.46,
"2013-11-05,二",1260.03,
"2013-11-06,三",1241.79,
"2013-11-07,四",1224.05,
"2013-11-08,五",1211.11,
"2013-11-11,一",1212.69,
"2013-11-12,二",1228.35,
"2013-11-13,三",1212.08,
"2013-11-14,四",1249.67,
"2013-11-15,五",1269.05,
"2013-11-18,一",1291.15,
"2013-11-19,二",1298.17,
"2013-11-20,三",1299.26,
"2013-11-21,四",1298.95,
"2013-11-22,五",1295.07,
"2013-11-25,一",1293.8,
"2013-11-26,二",1291.85,
"2013-11-27,三",1329.48,
"2013-11-28,四",1336.66,
"2013-11-29,五",1366.83,
"2013-12-02,一",1253.93,
"2013-12-03,二",1255.33,
"2013-12-04,三",1240.29,
"2013-12-05,四",1202.07,
"2013-12-06,五",1206.78,
"2013-12-09,一",1241.72,
"2013-12-10,二",1231.92,
"2013-12-11,三",1244.51,
"2013-12-12,四",1279.32,
"2013-12-13,五",1278.14,
"2013-12-16,一",1279.96,
"2013-12-17,二",1267.67,
"2013-12-18,三",1256,
"2013-12-19,四",1256.08,
"2013-12-20,五",1253.71,
"2013-12-23,一",1242.81,
"2013-12-24,二",1258.82,
"2013-12-25,三",1288.34,
"2013-12-26,四",1269.54,
"2013-12-27,五",1294.3,
"2013-12-30,一",1307.99,
"2013-12-31,二",1304.44,
"2014-01-02,四",1333,
"2014-01-03,五",1352.84,
"2014-01-06,一",1323.33,
"2014-01-07,二",1352.28,
"2014-01-08,三",1405.02,
"2014-01-09,四",1380.24,
"2014-01-10,五",1353.3,
"2014-01-13,一",1362.79,
"2014-01-14,二",1400.92,
"2014-01-15,三",1415.32,
"2014-01-16,四",1395.16,
"2014-01-17,五",1395.51,
"2014-01-20,一",1372.74,
"2014-01-21,二",1407.15,
"2014-01-22,三",1431.74,
"2014-01-23,四",1461.53,
"2014-01-24,五",1484.43,
"2014-01-27,一",1477.67,
"2014-01-28,二",1471.34,
"2014-01-29,三",1496.53,
"2014-01-30,四",1495.98,
"2014-02-07,五",1532.69,
"2014-02-10,一",1553.42,
"2014-02-11,二",1527.15,
"2014-02-12,三",1539.97,
"2014-02-13,四",1485.13,
"2014-02-14,五",1515.78,
"2014-02-17,一",1558.62,
"2014-02-18,二",1545.34,
"2014-02-19,三",1544.4,
"2014-02-20,四",1515.16,
"2014-02-21,五",1519.67,
"2014-02-24,一",1540.03,
"2014-02-25,二",1472.69,
"2014-02-26,三",1465.99,
"2014-02-27,四",1414.66,
"2014-02-28,五",1434.89,
"2014-03-03,一",1465.14,
"2014-03-04,二",1460.45,
"2014-03-05,三",1464.58,
"2014-03-06,四",1462.53,
"2014-03-07,五",1460.61,
"2014-03-10,一",1407.07,
"2014-03-11,二",1395.81,
"2014-03-12,三",1399.27,
"2014-03-13,四",1436.86,
"2014-03-14,五",1434.02,
"2014-03-17,一",1477.42,
"2014-03-18,二",1485.64,
"2014-03-19,三",1466.22,
"2014-03-20,四",1417.66,
"2014-03-21,五",1419.84,
"2014-03-24,一",1397.29,
"2014-03-25,二",1394.82,
"2014-03-26,三",1417.61,
"2014-03-27,四",1367.96,
"2014-03-28,五",1330.5,
"2014-03-31,一",1327.8,
"2014-04-01,二",1355.05,
"2014-04-02,三",1327.98,
"2014-04-03,四",1326.18,
"2014-04-04,五",1346.74,
"2014-04-08,二",1351.18,
"2014-04-09,三",1370.46,
"2014-04-10,四",1381.14,
"2014-04-11,五",1363.9,
"2014-04-14,一",1372.73,
"2014-04-15,二",1369.89,
"2014-04-16,三",1359.3,
"2014-04-17,四",1367.59,
"2014-04-18,五",1377.42,
"2014-04-21,一",1363.85,
"2014-04-22,二",1336.19,
"2014-04-23,三",1326.44,
"2014-04-24,四",1319.51,
"2014-04-25,五",1291.9,
"2014-04-28,一",1257.26,
"2014-04-29,二",1266.54,
"2014-04-30,三",1283.21,
"2014-05-05,一",1302.15,
"2014-05-06,二",1316.86,
"2014-05-07,三",1290.03,
"2014-05-08,四",1279.84,
"2014-05-09,五",1258.58,
"2014-05-12,一",1278.28,
"2014-05-13,二",1276.24,
"2014-05-14,三",1278.66,
"2014-05-15,四",1253.88,
"2014-05-16,五",1226.47,
"2014-05-19,一",1228.37,
"2014-05-20,二",1244.65,
"2014-05-21,三",1257.8,
"2014-05-22,四",1269.51,
"2014-05-23,五",1296,
"2014-05-26,一",1320.76,
"2014-05-27,二",1306.28,
"2014-05-28,三",1338.97,
"2014-05-29,四",1314.21,
"2014-05-30,五",1318.13,
"2014-06-03,二",1319.63,
"2014-06-04,三",1321.72,
"2014-06-05,四",1355.48,
"2014-06-06,五",1350.45,
"2014-06-09,一",1326.68,
"2014-06-10,二",1353.87,
"2014-06-11,三",1367.39,
"2014-06-12,四",1363.74,
"2014-06-13,五",1382.73,
"2014-06-16,一",1395.61,
"2014-06-17,二",1377.43,
"2014-06-18,三",1363.99,
"2014-06-19,四",1320.66,
"2014-06-20,五",1333.98,
"2014-06-23,一",1361.28,
"2014-06-24,二",1369.44,
"2014-06-25,三",1358.71,
"2014-06-26,四",1386.27,
"2014-06-27,五",1388.82,
"2014-06-30,一",1404.71,
"2014-07-01,二",1411.74,
"2014-07-02,三",1419.94,
"2014-07-03,四",1422.6,
"2014-07-04,五",1411.64,
"2014-07-07,一",1393.89,
"2014-07-08,二",1410.73,
"2014-07-09,三",1384.58,
"2014-07-10,四",1363.88,
"2014-07-11,五",1359.34,
"2014-07-14,一",1367.07,
"2014-07-15,二",1341.27,
"2014-07-16,三",1318.62,
"2014-07-17,四",1312.81,
"2014-07-18,五",1305.92,
"2014-07-21,一",1306.97,
"2014-07-22,二",1329.35,
"2014-07-23,三",1293.09,
"2014-07-24,四",1271.88,
"2014-07-25,五",1285.77,
"2014-07-28,一",1314.53,
"2014-07-29,二",1331.76,
"2014-07-30,三",1342.74,
"2014-07-31,四",1344.54,
"2014-08-01,五",1325.94,
"2014-08-04,一",1329.82,
"2014-08-05,二",1360.69,
"2014-08-06,三",1365.74,
"2014-08-07,四",1362.03,
"2014-08-08,五",1377.45,
"2014-08-11,一",1397.78,
"2014-08-12,二",1396.44,
"2014-08-13,三",1384.31,
"2014-08-14,四",1380.3,
"2014-08-15,五",1392.45,
"2014-08-18,一",1428.74,
"2014-08-19,二",1436.4,
"2014-08-20,三",1427.4,
"2014-08-21,四",1447.88,
"2014-08-22,五",1461.72,
"2014-08-25,一",1443.81,
"2014-08-26,二",1411.15,
"2014-08-27,三",1420.54,
"2014-08-28,四",1403.8,
"2014-08-29,五",1424.47,
"2014-09-01,一",1452.84,
"2014-09-02,二",1465.03,
"2014-09-03,三",1477.67,
"2014-09-04,四",1495.51,
"2014-09-05,五",1489.84,
"2014-09-09,二",1494.02,
"2014-09-10,三",1504.91,
"2014-09-11,四",1513.01,
"2014-09-12,五",1524.12,
"2014-09-15,一",1526.14,
"2014-09-16,二",1473.13,
"2014-09-17,三",1479.12,
"2014-09-18,四",1490.79,
"2014-09-19,五",1499.12,
"2014-09-22,一",1483.35,
"2014-09-23,二",1500.99,
"2014-09-24,三",1517.42,
"2014-09-25,四",1508.42,
"2014-09-26,五",1511.36,
"2014-09-29,一",1526.18,
"2014-09-30,二",1540.87,
"2014-10-08,三",1557.57,
"2014-10-09,四",1561.17,
"2014-10-10,五",1554.22,
"2014-10-13,一",1548.33,
"2014-10-14,二",1539.12,
"2014-10-15,三",1545.62,
"2014-10-16,四",1526.56,
"2014-10-17,五",1511.05,
"2014-10-20,一",1532.38,
"2014-10-21,二",1517.48,
"2014-10-22,三",1504.55,
"2014-10-23,四",1477.84,
"2014-10-24,五",1477.59,
"2014-10-27,一",1492.01,
"2014-10-28,二",1522.05,
"2014-10-29,三",1530.08,
"2014-10-30,四",1525.77,
"2014-10-31,五",1513.27,
"2014-11-03,一",1529.89,
"2014-11-04,二",1516.4,
"2014-11-05,三",1512.49,
"2014-11-06,四",1532.52,
"2014-11-07,五",1522.63,
"2014-11-10,一",1514.82,
"2014-11-11,二",1461.51,
"2014-11-12,三",1475.75,
"2014-11-13,四",1442.86,
"2014-11-14,五",1441.21,
"2014-11-17,一",1471.69,
"2014-11-18,二",1481.86,
"2014-11-19,三",1505.55,
"2014-11-20,四",1494.59,
"2014-11-21,五",1504.83,
"2014-11-24,一",1507.81,
"2014-11-25,二",1541.92,
"2014-11-26,三",1554.22,
"2014-11-27,四",1563.41,
"2014-11-28,五",1570.85,
"2014-12-01,一",1552.31,
"2014-12-02,二",1565.42,
"2014-12-03,三",1604.45,
"2014-12-04,四",1621.85,
"2014-12-05,五",1581.91,
"2014-12-08,一",1567.16,
"2014-12-09,二",1504.62,
"2014-12-10,三",1572.69,
"2014-12-11,四",1587.67,
"2014-12-12,五",1623.57,
"2014-12-15,一",1657.5,
"2014-12-16,二",1649.58,
"2014-12-17,三",1644.21,
"2014-12-18,四",1634.05,
"2014-12-19,五",1596.81,
"2014-12-22,一",1517.93,
"2014-12-23,二",1496.53,
"2014-12-24,三",1519.8,
"2014-12-25,四",1529.47,
"2014-12-26,五",1536.08,
"2014-12-29,一",1499.4,
"2014-12-30,二",1460.11,
"2014-12-31,三",1471.76,
"2015-01-05,一",1464.77,
"2015-01-06,二",1539.83,
"2015-01-07,三",1523.39,
"2015-01-08,四",1541.89,
"2015-01-09,五",1553.24,
"2015-01-12,一",1586.12,
"2015-01-13,二",1601.17,
"2015-01-14,三",1588.01,
"2015-01-15,四",1586.34,
"2015-01-16,五",1639.56,
"2015-01-19,一",1630.07,
"2015-01-20,二",1700.85,
"2015-01-21,三",1722.58,
"2015-01-22,四",1744.04,
"2015-01-23,五",1697.29,
"2015-01-26,一",1739.79,
"2015-01-27,二",1743.68,
"2015-01-28,三",1731.41,
"2015-01-29,四",1711.37,
"2015-01-30,五",1680.58,
"2015-02-02,一",1696.83,
"2015-02-03,二",1750.91,
"2015-02-04,三",1757.74,
"2015-02-05,四",1774.31,
"2015-02-06,五",1730.97,
"2015-02-09,一",1708.85,
"2015-02-10,二",1747.68,
"2015-02-11,三",1772.85,
"2015-02-12,四",1788.81,
"2015-02-13,五",1825.49,
"2015-02-16,一",1896.63,
"2015-02-17,二",1894.31,
"2015-02-25,三",1876.75,
"2015-02-26,四",1880.39,
"2015-02-27,五",1928.04,
"2015-03-02,一",1986.99,
"2015-03-03,二",1961.74,
"2015-03-04,三",2009.83,
"2015-03-05,四",2014.79,
"2015-03-06,五",1951.4,
"2015-03-09,一",1994.39,
"2015-03-10,二",2045.32,
"2015-03-11,三",2035.83,
"2015-03-12,四",2018.13,
"2015-03-13,五",2069.07,
"2015-03-16,一",2142.67,
"2015-03-17,二",2137.46,
"2015-03-18,三",2182.92,
"2015-03-19,四",2183.88,
"2015-03-20,五",2213.77,
"2015-03-23,一",2293.65,
"2015-03-24,二",2357.97,
"2015-03-25,三",2385.01,
"2015-03-26,四",2291.79,
"2015-03-27,五",2323.82,
"2015-03-30,一",2290.48,
"2015-03-31,二",2335.17,
"2015-04-01,三",2404.91,
"2015-04-02,四",2475.33,
"2015-04-03,五",2510.16,
"2015-04-07,二",2556.7,
"2015-04-08,三",2488.16,
"2015-04-09,四",2496.49,
"2015-04-10,五",2552.83,
"2015-04-13,一",2577.78,
"2015-04-14,二",2558.85,
"2015-04-15,三",2441.74,
"2015-04-16,四",2484.33,
"2015-04-17,五",2463.99,
"2015-04-20,一",2424.85,
"2015-04-21,二",2566.09,
"2015-04-22,三",2634.93,
"2015-04-23,四",2706.19,
"2015-04-24,五",2734.75,
"2015-04-27,一",2747.5,
"2015-04-28,二",2687.97,
"2015-04-29,三",2797.52,
"2015-04-30,四",2857.89,
"2015-05-04,一",2845.25,
"2015-05-05,二",2783.44,
"2015-05-06,三",2846.56,
"2015-05-07,四",2806.05,
"2015-05-08,五",2973.6,
"2015-05-11,一",3146.83,
"2015-05-12,二",3250.3,
"2015-05-13,三",3192.15,
"2015-05-14,四",3141.59,
"2015-05-15,五",3145.34,
"2015-05-18,一",3278.48,
"2015-05-19,二",3322.77,
"2015-05-20,三",3406.28,
"2015-05-21,四",3527.41,
"2015-05-22,五",3516.63,
"2015-05-25,一",3467.92,
"2015-05-26,二",3618.23,
"2015-05-27,三",3628.67,
"2015-05-28,四",3432.98,
"2015-05-29,五",3542.84,
"2015-06-01,一",3718.75,
"2015-06-02,二",3901.54,
"2015-06-03,三",3982.25,
"2015-06-04,四",3943.47,
"2015-06-05,五",3885.83,
"2015-06-08,一",3704.55,
"2015-06-09,二",3705.54,
"2015-06-10,三",3834.7,
"2015-06-11,四",3862.14,
"2015-06-12,五",3899.71,
"2015-06-15,一",3696.03,
"2015-06-16,二",3590.67,
"2015-06-17,三",3741.36,
"2015-06-18,四",3504.55,
"2015-06-19,五",3314.98,
"2015-06-23,二",3393.94,
"2015-06-24,三",3383.4,
"2015-06-25,四",3206.38,
"2015-06-26,五",2920.7,
"2015-06-29,一",2689.76,
"2015-06-30,二",2858.61,
"2015-07-01,三",2759.41,
"2015-07-02,四",2649.32,
"2015-07-03,五",2605.28,
"2015-07-06,一",2493.83,
"2015-07-07,二",2352.01,
"2015-07-08,三",2364.05,
"2015-07-09,四",2435.76,
"2015-07-10,五",2535.89,
"2015-07-13,一",2683.07,
"2015-07-14,二",2726.05,
"2015-07-15,三",2590.03,
"2015-07-16,四",2627.08,
"2015-07-17,五",2783.32,
"2015-07-20,一",2848.3,
"2015-07-21,二",2882.9,
"2015-07-22,三",2897.37,
"2015-07-23,四",2967.95,
"2015-07-24,五",2897.82,
"2015-07-27,一",2683.45,
"2015-07-28,二",2581.96,
"2015-07-29,三",2693.87,
"2015-07-30,四",2561.19,
"2015-07-31,五",2539.84,
"2015-08-03,一",2399.27,
"2015-08-04,二",2546.16,
"2015-08-05,三",2502.04,
"2015-08-06,四",2480.93,
"2015-08-07,五",2576.99,
"2015-08-10,一",2706.72,
"2015-08-11,二",2698.91,
"2015-08-12,三",2622.19,
"2015-08-13,四",2684.26,
"2015-08-14,五",2674.02,
"2015-08-17,一",2666.29,
"2015-08-18,二",2504.17,
"2015-08-19,三",2570.69,
"2015-08-20,四",2508.82,
"2015-08-21,五",2341.95,
"2015-08-24,一",2152.61,
"2015-08-25,二",1990.71,
"2015-08-26,三",1890.04,
"2015-08-27,四",1959.49,
"2015-08-28,五",2082.12,
"2015-08-31,一",1996.87,
"2015-09-01,二",1889.49,
"2015-09-02,三",1855.03,
"2015-09-07,一",1893.52,
"2015-09-08,二",2001.16,
"2015-09-09,三",2071.72,
"2015-09-10,四",2039.12,
"2015-09-11,五",2060.51,
"2015-09-14,一",1906.21,
"2015-09-15,二",1797.56,
"2015-09-16,三",1926.24,
"2015-09-17,四",1933.3,
"2015-09-18,五",1983.3,
"2015-09-21,一",2079.06,
"2015-09-22,二",2078.72,
"2015-09-23,三",2077.99,
"2015-09-24,四",2106.59,
"2015-09-25,五",2020.97,
"2015-09-28,一",2122.26,
"2015-09-29,二",2098.57,
"2015-09-30,三",2082.67,
"2015-10-08,四",2190.31,
"2015-10-09,五",2216.66,
"2015-10-12,一",2316.78,
"2015-10-13,二",2342.04,
"2015-10-14,三",2305,
"2015-10-15,四",2404.53,
"2015-10-16,五",2449.03,
"2015-10-19,一",2433.6,
"2015-10-20,二",2511.16,
"2015-10-21,三",2344.74,
"2015-10-22,四",2458.14,
"2015-10-23,五",2538.38,
"2015-10-26,一",2527.48,
"2015-10-27,二",2563.96,
"2015-10-28,三",2485.24,
"2015-10-29,四",2485.28,
"2015-10-30,五",2478.28,
"2015-11-02,一",2432.04,
"2015-11-03,二",2429.27,
"2015-11-04,三",2584.32,
"2015-11-05,四",2564.72,
"2015-11-06,五",2661.41,
"2015-11-09,一",2724.62,
"2015-11-10,二",2746.61,
"2015-11-11,三",2804.68,
"2015-11-12,四",2783.3,
"2015-11-13,五",2710.16,
"2015-11-16,一",2797.16,
"2015-11-17,二",2717.05,
"2015-11-18,三",2661.17,
"2015-11-19,四",2770.75,
"2015-11-20,五",2800.15,
"2015-11-23,一",2770.58,
"2015-11-24,二",2816.05,
"2015-11-25,三",2897.57,
"2015-11-26,四",2833.2,
"2015-11-27,五",2649.55,
"2015-11-30,一",2672.58,
"2015-12-01,二",2655.35,
"2015-12-02,三",2613.26,
"2015-12-03,四",2708.12,
"2015-12-04,五",2692.16,
"2015-12-07,一",2738.15,
"2015-12-08,二",2691.66,
"2015-12-09,三",2667.91,
"2015-12-10,四",2695.51,
"2015-12-11,五",2671.29,
"2015-12-14,一",2709.27,
"2015-12-15,二",2745.7,
"2015-12-16,三",2763.11,
"2015-12-17,四",2835.7,
"2015-12-18,五",2830.26,
"2015-12-21,一",2829.92,
"2015-12-22,二",2839.85,
"2015-12-23,三",2783.94,
"2015-12-24,四",2795.78,
"2015-12-25,五",2794.73,
"2015-12-28,一",2735.49,
"2015-12-29,二",2749.82,
"2015-12-30,三",2779.51,
"2015-12-31,四",2714.05,
"2016-01-04,一",2491.24,
"2016-01-05,二",2416.73,
"2016-01-06,三",2468.37,
"2016-01-07,四",2256.52,
"2016-01-08,五",2248.99,
"2016-01-11,一",2106.36,
"2016-01-12,二",2147.53,
"2016-01-13,三",2059.78,
"2016-01-14,四",2175.01,
"2016-01-15,五",2112.9,
"2016-01-18,一",2174.94,
"2016-01-19,二",2241.7,
"2016-01-20,三",2204.65,
"2016-01-21,四",2112.4,
"2016-01-22,五",2149.59,
"2016-01-25,一",2158.83,
"2016-01-26,二",1994.05,
"2016-01-27,三",1997.47,
"2016-01-28,四",1906.46,
"2016-01-29,五",1994.07,
"2016-02-01,一",1992.7,
"2016-02-02,二",2075.29,
"2016-02-03,三",2090.51,
"2016-02-04,四",2126.64,
"2016-02-05,五",2096.99,
"2016-02-15,一",2116.84,
"2016-02-16,二",2201.93,
"2016-02-17,三",2215.34,
"2016-02-18,四",2190.91,
"2016-02-19,五",2211.01,
"2016-02-22,一",2245.56,
"2016-02-23,二",2218.12,
"2016-02-24,三",2203.74,
"2016-02-25,四",2037.14,
"2016-02-26,五",2014.92,
"2016-02-29,一",1880.15,
"2016-03-01,二",1934.92,
"2016-03-02,三",2017.61,
"2016-03-03,四",2007.08,
"2016-03-04,五",1907.04,
"2016-03-07,一",1953.33,
"2016-03-08,二",2002.19,
"2016-03-09,三",1970.81,
"2016-03-10,四",1936.97,
"2016-03-11,五",1934.87,
"2016-03-14,一",2023.13,
"2016-03-15,二",1996.92,
"2016-03-16,三",1977.54,
"2016-03-17,四",2087.29,
"2016-03-18,五",2177.87,
"2016-03-21,一",2227.04,
"2016-03-22,二",2221.7,
"2016-03-23,三",2259.11,
"2016-03-24,四",2219.77,
"2016-03-25,五",2216.09,
"2016-03-28,一",2199.69,
"2016-03-29,二",2152.55,
"2016-03-30,三",2248.78,
"2016-03-31,四",2238.29,
"2016-04-01,五",2205.37,
"2016-04-05,二",2279.52,
"2016-04-06,三",2297.04,
"2016-04-07,四",2248.69,
"2016-04-08,五",2229.94,
"2016-04-11,一",2283.14,
"2016-04-12,二",2264.02,
"2016-04-13,三",2294.02,
"2016-04-14,四",2324.4,
"2016-04-15,五",2309.68,
"2016-04-18,一",2265.59,
"2016-04-19,二",2272.52,
"2016-04-20,三",2145.24,
"2016-04-21,四",2110.16,
"2016-04-22,五",2136.92,
"2016-04-25,一",2126.83,
"2016-04-26,二",2155.7,
"2016-04-27,三",2146.61,
"2016-04-28,四",2155.23,
"2016-04-29,五",2138.74,
"2016-05-03,二",2217.23,
"2016-05-04,三",2211.02,
"2016-05-05,四",2224.1,
"2016-05-06,五",2129.19,
"2016-05-09,一",2053.6,
"2016-05-10,二",2054.22,
"2016-05-11,三",2034.93,
"2016-05-12,四",2034.57,
"2016-05-13,五",2025.22,
"2016-05-16,一",2057.86,
"2016-05-17,二",2081.44,
"2016-05-18,三",2020.48,
"2016-05-19,四",2037.4,
"2016-05-20,五",2065.3,
"2016-05-23,一",2098.23,
"2016-05-24,二",2075.51,
"2016-05-25,三",2067.25,
"2016-05-26,四",2086.01,
"2016-05-27,五",2069.89,
"2016-05-30,一",2058.52,
"2016-05-31,二",2159.8,
"2016-06-01,三",2168.82,
"2016-06-02,四",2188.56,
"2016-06-03,五",2204.97,
"2016-06-06,一",2199.3,
"2016-06-07,二",2196.73,
"2016-06-08,三",2186.54,
"2016-06-13,一",2054.71,
"2016-06-14,二",2058.31,
"2016-06-15,三",2128.8,
"2016-06-16,四",2101.42,
"2016-06-17,五",2122.89,
"2016-06-20,一",2119.63,
"2016-06-21,二",2092,
"2016-06-22,三",2144.82,
"2016-06-23,四",2137.49,
"2016-06-24,五",2127.36,
"2016-06-27,一",2191.81,
"2016-06-28,二",2216.71,
"2016-06-29,三",2209.79,
"2016-06-30,四",2227.79,
"2016-07-01,五",2211.18,
"2016-07-04,一",2248.71,
"2016-07-05,二",2246.02,
"2016-07-06,三",2241.56,
"2016-07-07,四",2233.92,
"2016-07-08,五",2239,
"2016-07-11,一",2218.59,
"2016-07-12,二",2247.35,
"2016-07-13,三",2285.37,
"2016-07-14,四",2293.08,
"2016-07-15,五",2263.78,
"2016-07-18,一",2249.87,
"2016-07-19,二",2273.72,
"2016-07-20,三",2268.54,
"2016-07-21,四",2265.13,
"2016-07-22,五",2250,
"2016-07-25,一",2245.89,
"2016-07-26,二",2279.55,
"2016-07-27,三",2155.39,
"2016-07-28,四",2139.74,
"2016-07-29,五",2122.41,
"2016-08-01,一",2099.18,
"2016-08-02,二",2113.21,
"2016-08-03,三",2108.31,
"2016-08-04,四",2129.65,
"2016-08-05,五",2109.06,
"2016-08-08,一",2130.59,
"2016-08-09,二",2154.51,
"2016-08-10,三",2137,
"2016-08-11,四",2103.4,
"2016-08-12,五",2123.84,
"2016-08-15,一",2193.21,
"2016-08-16,二",2201.1,
"2016-08-17,三",2208.2,
"2016-08-18,四",2201.59,
"2016-08-19,五",2204.56,
"2016-08-22,一",2167.4,
"2016-08-23,二",2174.16,
"2016-08-24,三",2192.17,
"2016-08-25,四",2180.66,
"2016-08-26,五",2189.75,
"2016-08-29,一",2193.2,
"2016-08-30,二",2195.53,
"2016-08-31,三",2191.76,
"2016-09-01,四",2181.33,
"2016-09-02,五",2170.86,
"2016-09-05,一",2182.69,
"2016-09-06,二",2222.84,
"2016-09-07,三",2212.05,
"2016-09-08,四",2223.47,
"2016-09-09,五",2202.97,
"2016-09-12,一",2145.56,
"2016-09-13,二",2145.87,
"2016-09-14,三",2144.56,
"2016-09-19,一",2165.21,
"2016-09-20,二",2158.43,
"2016-09-21,三",2162.13,
"2016-09-22,四",2168.42,
"2016-09-23,五",2156.51,
"2016-09-26,一",2122.9,
"2016-09-27,二",2140.8,
"2016-09-28,三",2139.63,
"2016-09-29,四",2146.18,
"2016-09-30,五",2149.9,
"2016-10-10,一",2208.47,
"2016-10-11,二",2210.86,
"2016-10-12,三",2209.69,
"2016-10-13,四",2208.57,
"2016-10-14,五",2194.23,
"2016-10-17,一",2167.86,
"2016-10-18,二",2198.14,
"2016-10-19,三",2184.91,
"2016-10-20,四",2193.26,
"2016-10-21,五",2181,
"2016-10-24,一",2200.8,
"2016-10-25,二",2200.21,
"2016-10-26,三",2184.49,
"2016-10-27,四",2182.48,
"2016-10-28,五",2165.43,
"2016-10-31,一",2159.76,
"2016-11-01,二",2176.45,
"2016-11-02,三",2146.4,
"2016-11-03,四",2153.18,
"2016-11-04,五",2145.23,
"2016-11-07,一",2130.3,
"2016-11-08,二",2150.3,
"2016-11-09,三",2123.84,
"2016-11-10,四",2143.32,
"2016-11-11,五",2147.11,
"2016-11-14,一",2161.69,
"2016-11-15,二",2179.3,
"2016-11-16,三",2182.47,
"2016-11-17,四",2163.04,
"2016-11-18,五",2157.96,
"2016-11-21,一",2152.6,
"2016-11-22,二",2177.65,
"2016-11-23,三",2165.71,
"2016-11-24,四",2146.63,
"2016-11-25,五",2167.53,
"2016-11-28,一",2166.05,
"2016-11-29,二",2160.35,
"2016-11-30,三",2183.05,
"2016-12-01,四",2181.93,
"2016-12-02,五",2143.45,
"2016-12-05,一",2143.88,
"2016-12-06,二",2122.26,
"2016-12-07,三",2134.99,
"2016-12-08,四",2114.71,
"2016-12-09,五",2099.89,
"2016-12-12,一",1984.39,
"2016-12-13,二",1985.04,
"2016-12-14,三",1963.08,
"2016-12-15,四",1975.85,
"2016-12-16,五",1998.11,
"2016-12-19,一",1980.41,
"2016-12-20,二",1982.3,
"2016-12-21,三",1991.7,
"2016-12-22,四",1986.27,
"2016-12-23,五",1964.54,
"2016-12-26,一",1974.01,
"2016-12-27,二",1968.62,
"2016-12-28,三",1957.15,
"2016-12-29,四",1959.24,
"2016-12-30,五",1962.06,
"2017-01-03,二",1963.26,
"2017-01-04,三",1991.57,
"2017-01-05,四",1983.97,
"2017-01-06,五",1965.03,
"2017-01-09,一",1961.62,
"2017-01-10,二",1951.68,
"2017-01-11,三",1937.55,
"2017-01-12,四",1930.14,
"2017-01-13,五",1899.94,
"2017-01-16,一",1830.85,
"2017-01-17,二",1867.87,
"2017-01-18,三",1845.79,
"2017-01-19,四",1844.14,
"2017-01-20,五",1880.75,
"2017-01-23,一",1887.32,
"2017-01-24,二",1861.22,
"2017-01-25,三",1870.7,
"2017-01-26,四",1886.23,
"2017-02-03,五",1876.76,
"2017-02-06,一",1900.45,
"2017-02-07,二",1889.13,
"2017-02-08,三",1903.63,
"2017-02-09,四",1914.08,
"2017-02-10,五",1904.68,
"2017-02-13,一",1913.68,
"2017-02-14,二",1909.4,
"2017-02-15,三",1892.36,
"2017-02-16,四",1897.63,
"2017-02-17,五",1882.87,
"2017-02-20,一",1894.96,
"2017-02-21,二",1921.08,
"2017-02-22,三",1919.97,
"2017-02-23,四",1925.95,
"2017-02-24,五",1938.44,
"2017-02-27,一",1926.77,
"2017-02-28,二",1927.16,
"2017-03-01,三",1931.97,
"2017-03-02,四",1920.4,
"2017-03-03,五",1928.29,
"2017-03-06,一",1962.77,
"2017-03-07,二",1977.85,
"2017-03-08,三",1964.63,
"2017-03-09,四",1953.94,
"2017-03-10,五",1950.01,
"2017-03-13,一",1970.88,
"2017-03-14,二",1958.02,
"2017-03-15,三",1957.82,
"2017-03-16,四",1966.73,
"2017-03-17,五",1949.66,
"2017-03-20,一",1953.82,
"2017-03-21,二",1961.06,
"2017-03-22,三",1948.58,
"2017-03-23,四",1948.37,
"2017-03-24,五",1965.14,
"2017-03-27,一",1947.53,
"2017-03-28,二",1944.36,
"2017-03-29,三",1929.2,
"2017-03-30,四",1893.7,
"2017-03-31,五",1907.34,
"2017-04-05,三",1942.77,
,,
